date,id,event_id,start,end,region_x,region_y
20141101,20001003001,158-0_158-0,2014-11-01T18:51:55.000,2014-11-01T18:53:55.000,888.2316040553338,-254.28871978637184
20141101,20001003001,679-0_,2014-11-01T20:36:07.000,2014-11-01T20:38:07.000,1003.1457045601807,-102.74766401580031
20141101,20001003001,681-0_,2014-11-01T20:36:37.000,2014-11-01T20:38:37.000,984.4645223108004,-367.48247587614554
20150901,20102002001,105-0_106-0,2015-09-01T04:16:00.000,2015-09-01T04:20:36.000,843.9864518726461,-244.21080773936305
20150901,20102003001,128-0_,2015-09-01T09:03:57.000,2015-09-01T09:07:09.000,989.1348193992884,-55.18387439277962
20150901,20102003001,134-0_,2015-09-01T09:04:21.000,2015-09-01T09:06:21.000,1106.9980210261194,-116.26679135565247
20150901,20102003001,137-0_,2015-09-01T09:05:09.000,2015-09-01T09:07:09.000,1052.183728874681,96.35654781646518
20150901,20102003001,143-0_,2015-09-01T09:06:57.000,2015-09-01T09:10:45.000,832.6793448032123,-215.08256344160532
20150901,20102003001,27-0_25-0,2015-09-01T08:43:39.000,2015-09-01T08:45:39.000,894.2538546507859,9.83233702627481
20150901,20102003001,30-0_31-0,2015-09-01T08:43:45.000,2015-09-01T08:45:45.000,900.8906188467303,-482.52099217505634
20150901,20102004001,142-0_,2015-09-01T10:43:30.000,2015-09-01T10:47:30.000,827.5174029514534,-210.28931942349985
20150901,20102004001,29-0_,2015-09-01T10:20:24.000,2015-09-01T10:22:24.000,960.1298002052484,-159.8981194223302
20150901,20102004001,29-1_,2015-09-01T10:20:18.000,2015-09-01T10:22:18.000,931.9850630673465,-435.57153041211353
20150901,20102005001,146-0_,2015-09-02T02:51:43.000,2015-09-02T02:54:55.000,836.9809622165766,-367.4836360385028
20150901,20102005001,163-0_163-0,2015-09-02T02:54:19.000,2015-09-02T02:56:19.000,1082.7863457794438,173.2941403266536
20150901,20102005001,31-0_,2015-09-02T02:27:55.000,2015-09-02T02:29:55.000,1017.4023852209123,69.44068555540841
20150901,20102006001,121-0_,2015-09-02T04:22:52.000,2015-09-02T04:24:52.000,888.9690225771159,-28.63668459829897
20150901,20102006001,146-0_145-0,2015-09-02T04:28:28.000,2015-09-02T04:31:40.000,836.9809622165766,-367.4836360385028
20150901,20102006001,163-0_163-0,2015-09-02T04:31:04.000,2015-09-02T04:33:04.000,1052.1837288747479,91.93201305760157
20150901,20102006001,28-0_27-0,2015-09-02T04:04:22.000,2015-09-02T04:06:22.000,927.4376568395145,45.351621617852174
20150901,20102006001,33-0_,2015-09-02T04:05:04.000,2015-09-02T04:07:04.000,930.0186172418836,51.251016435521095
20150901,20102007001,140-0_143-0,2015-09-02T09:18:05.000,2015-09-02T09:21:53.000,836.9809622165546,-318.3220296843888
20150901,20102007001,163-0_163-0,2015-09-02T09:21:17.000,2015-09-02T09:23:17.000,1065.088452572704,104.46816109575826
20150901,20102007001,167-0_,2015-09-02T09:22:11.000,2015-09-02T09:24:11.000,949.1914567737072,-366.8682520553134
20150901,20102007001,25-0_29-0,2015-09-02T08:54:17.000,2015-09-02T08:56:17.000,892.1645025755798,-485.47076589979105
20150901,20102007001,32-0_,2015-09-02T08:55:05.000,2015-09-02T08:57:05.000,947.2250124427686,52.35713355878399
20150901,20102007001,46-0_45-0,2015-09-02T08:57:53.000,2015-09-02T08:59:53.000,935.9179542095079,-383.3374552371278
20150901,20102008001,137-0_,2015-09-02T10:53:38.000,2015-09-02T10:58:38.000,886.1422514535859,-121.67517732996107
20150901,20102008001,142-0_,2015-09-02T10:53:50.000,2015-09-02T10:55:50.000,931.493451626799,-348.3099300302718
20150901,20102008001,162-0_,2015-09-02T10:58:08.000,2015-09-02T11:00:08.000,1030.3071308890658,103.36211634278402
20150901,20102008001,165-0_163-0,2015-09-02T10:58:38.000,2015-09-02T11:00:38.000,989.3806244810886,-214.59022644977097
20150901,20102008001,25-0_25-0,2015-09-02T10:31:08.000,2015-09-02T10:33:08.000,930.2644229793411,46.45775582639276
20160219,20102011001,171-0_171-0,2016-02-19T19:28:39.000,2016-02-19T19:30:39.000,1023.5475032052329,109.26151666866575
20160219,20102011001,184-0_186-0,2016-02-19T19:31:15.000,2016-02-19T19:33:15.000,1016.4191661755247,105.82022775507097
20160219,20102011001,192-0_,2016-02-19T19:32:27.000,2016-02-19T19:34:27.000,1023.1787961773177,101.51857674099362
20160219,20102011001,198-0_201-0,2016-02-19T19:34:03.000,2016-02-19T19:36:03.000,1029.5697170671524,97.46273541483424
20160219,20102011001,61-0_60-0,2016-02-19T19:06:27.000,2016-02-19T19:08:27.000,1101.3445361104584,117.37294060413991
20160219,20102012001,151-0_,2016-02-19T21:01:16.000,2016-02-19T21:03:16.000,1048.8653700169762,144.65772414374703
20160219,20102012001,159-0_158-0,2016-02-19T21:02:52.000,2016-02-19T21:04:52.000,1029.0781078379725,122.53511244014047
20160219,20102012001,167-0_,2016-02-19T21:04:10.000,2016-02-19T21:06:10.000,1027.7261823974393,119.3396176410081
20160219,20102012001,194-0_194-0,2016-02-19T21:09:40.000,2016-02-19T21:11:40.000,1029.201010146306,120.19993996226759
20160219,20102012001,202-0_,2016-02-19T21:11:10.000,2016-02-19T21:13:10.000,1072.954184838372,132.12146497121316
20160219,20102012001,25-0_,2016-02-19T20:36:22.000,2016-02-19T20:38:22.000,1119.1652981264588,114.42320153873463
20160219,20102012001,38-0_,2016-02-19T20:38:22.000,2016-02-19T20:40:22.000,1114.2492275037125,117.12709409485065
20160219,20102012001,44-0_44-0,2016-02-19T20:39:34.000,2016-02-19T20:41:34.000,1116.4614594409106,129.78615022233078
20160219,20102012001,47-0_47-0,2016-02-19T20:40:22.000,2016-02-19T20:42:22.000,1123.4668588785464,124.99288986545605
20160219,20102012001,56-0_61-0,2016-02-19T20:42:46.000,2016-02-19T20:44:46.000,1108.3499410859174,128.55714229428943
20160219,20102013001,25-0_25-1,2016-02-19T22:12:35.000,2016-02-19T22:14:35.000,1140.7959936860004,135.56252799561094
20160219,20102013001,25-1_25-0,2016-02-19T22:12:35.000,2016-02-19T22:14:35.000,803.3054238718823,153.01599465530708
20160219,20102013001,52-0_53-0,2016-02-19T22:18:05.000,2016-02-19T22:20:05.000,1138.7066662248071,117.49572861277669
20160219,20102013001,60-0_,2016-02-19T22:19:47.000,2016-02-19T22:21:47.000,1126.0477948609066,144.41163181033716
20160219,20102013001,66-0_,2016-02-19T22:20:47.000,2016-02-19T22:22:47.000,1072.7083807522574,189.1487503848856
20160219,20102014001,25-0_25-0,2016-02-19T23:49:30.000,2016-02-19T23:51:30.000,1141.0417969012594,129.17154838880703
20160422,20101020001,185-0_188-0,2016-04-22T22:38:15.000,2016-04-22T22:40:15.000,995.6486531172868,62.803909424341775
20160422,20101020001,261-0_264-0,2016-04-22T22:52:51.000,2016-04-22T22:54:51.000,1030.921642387128,100.65823114204318
20160422,20101020001,266-0_264-0,2016-04-22T22:53:45.000,2016-04-22T22:55:45.000,1031.7819584536614,133.35063732019782
20160726,20201001001,165-0_,2016-07-26T19:55:10.000,2016-07-26T19:57:10.000,977.0903669599938,-183.6185110857816
20160726,20201001001,169-0_,2016-07-26T19:56:22.000,2016-07-26T19:58:22.000,979.7942242129571,-249.74076811220624
20160726,20201001001,179-0_,2016-07-26T19:58:16.000,2016-07-26T20:00:16.000,977.0903669599675,-238.43363248929492
20160726,20201001001,188-0_191-0,2016-07-26T20:00:34.000,2016-07-26T20:03:46.000,1033.6254927611649,-170.8362774388731
20160726,20201001001,214-0_,2016-07-26T20:05:28.000,2016-07-26T20:07:28.000,1082.7863457794547,-170.8360685464006
20160726,20201001001,227-0_,2016-07-26T20:07:46.000,2016-07-26T20:09:46.000,1040.8767260988104,-194.67956629259785
20160726,20201002001,190-0_193-0,2016-07-26T21:37:22.000,2016-07-26T21:39:22.000,1041.3683350457186,134.70254742106098
20160726,20201002001,193-0_,2016-07-26T21:37:46.000,2016-07-26T21:39:46.000,1082.7863457794438,-219.9974940030091
20160726,20201002001,227-0_,2016-07-26T21:44:16.000,2016-07-26T21:46:16.000,1082.7863457794438,-219.9974940030091
20160726,20201003001,86-0_,2016-07-26T23:09:25.000,2016-07-26T23:11:25.000,1033.6254927611485,-269.15922358303044
20160726,20201004001,115-0_,2016-07-27T00:35:28.000,2016-07-27T00:37:28.000,935.3034400133234,-318.32137779455985
20160726,20201004001,122-0_,2016-07-27T00:36:52.000,2016-07-27T00:38:52.000,935.3034400133588,-269.15983595216323
20160726,20201004001,132-0_,2016-07-27T00:38:52.000,2016-07-27T00:40:52.000,935.3034400133588,-269.15983595216323
20160726,20201004001,163-0_,2016-07-27T00:44:58.000,2016-07-27T00:46:58.000,984.464522310862,-318.32102472693015
20160726,20201004001,167-0_166-0,2016-07-27T00:45:40.000,2016-07-27T00:47:40.000,1058.3288364311065,13.027797501494332
20160726,20201004001,170-0_,2016-07-27T00:46:22.000,2016-07-27T00:48:22.000,984.464522310862,-318.32102472693015
20160726,20201004001,176-0_,2016-07-27T00:47:28.000,2016-07-27T00:49:28.000,984.464522310862,-318.32102472693015
20160726,20201004001,193-0_,2016-07-27T00:51:40.000,2016-07-27T00:54:16.000,1033.6254927611485,-269.15922358303044
20160726,20201004001,202-0_203-0,2016-07-27T00:52:46.000,2016-07-27T00:54:46.000,1014.2069231545604,-211.76331473236465
20160726,20201004001,209-0_,2016-07-27T00:54:40.000,2016-07-27T00:56:40.000,1033.625492761127,-318.3206535776814
20160726,20201004001,222-0_209-0,2016-07-27T00:56:40.000,2016-07-27T00:58:40.000,1023.4246008633311,-230.19882508621782
20160726,20201004001,237-0_238-0,2016-07-27T00:59:58.000,2016-07-27T01:01:58.000,1082.7863457794547,-170.8360685464006
20160726,20201004001,250-0_,2016-07-27T01:02:28.000,2016-07-27T01:04:28.000,1033.625492761127,-318.3206535776814
20160726,20201004001,265-0_265-0,2016-07-27T01:05:22.000,2016-07-27T01:07:22.000,1082.7863457794547,-170.8360685464006
20160726,20201004001,83-0_,2016-07-27T00:29:22.000,2016-07-27T00:31:22.000,984.464522310862,-318.32102472693015
20170321,20211001001,139-0_,2017-03-21T14:13:15.000,2017-03-21T14:15:15.000,-375.10676961867375,131.75431870781378
20170321,20211001001,139-1_,2017-03-21T14:13:09.000,2017-03-21T14:15:09.000,-419.5983475494131,-45.10617600638195
20170321,20211002001,160-0_,2017-03-21T15:54:01.000,2017-03-21T15:56:01.000,-171.08423302227038,63.910767330377695
20170321,20211003001,58-0_,2017-03-21T17:10:18.000,2017-03-21T17:12:18.000,-4.424593247358644,-117.62042439988615
20170821,20312001001,25-0_25-0,2017-08-21T18:54:58.000,2017-08-21T18:57:58.000,340.32465516926953,73.00568617147721
20170821,20312001001,47-0_,2017-08-21T18:58:34.000,2017-08-21T19:00:34.000,383.710116268038,115.03921346517326
20170821,20312002001,52-0_,2017-08-21T19:30:47.000,2017-08-21T19:32:47.000,315.00621328544355,54.20120283315821
20170821,20312002001,64-0_55-0,2017-08-21T19:32:23.000,2017-08-21T19:34:23.000,338.2352695664421,48.42464899582583
20170821,20312002001,91-0_91-0,2017-08-21T19:37:59.000,2017-08-21T19:39:59.000,342.78275578913804,37.36317986901907
20170911,80310211001,120-0_121-0,2017-09-11T16:19:48.000,2017-09-11T16:21:48.000,1129.1203372373607,-98.07700676148426
20170911,80310211001,121-0_118-0,2017-09-11T16:20:00.000,2017-09-11T16:22:00.000,974.7552172439256,-45.96609359321627
20170911,80310211001,141-0_,2017-09-11T16:23:30.000,2017-09-11T16:25:30.000,1119.0423963762914,-104.34511288774648
20170911,80310211001,149-0_,2017-09-11T16:24:54.000,2017-09-11T16:26:54.000,1121.6233329613488,-100.90380722335864
20170911,80310211001,217-0_215-0,2017-09-11T16:39:18.000,2017-09-11T16:43:18.000,935.303440013333,25.809861798294072
20170911,80310211001,240-0_249-0,2017-09-11T16:43:06.000,2017-09-11T16:45:06.000,956.8114269230288,21.999824090066685
20170911,80310211001,258-0_250-0,2017-09-11T16:46:48.000,2017-09-11T16:48:48.000,1147.063974663161,-68.33432543755465
20170911,80310212001,101-0_,2017-09-11T17:52:11.000,2017-09-11T17:54:11.000,1010.6427533525501,-701.1640069814453
20170911,80310212001,115-0_113-0,2017-09-11T17:54:53.000,2017-09-11T17:56:53.000,1052.6753375481414,-134.45670250802297
20170911,80310212001,115-1_112-0,2017-09-11T17:54:47.000,2017-09-11T17:56:47.000,911.4602764874301,-71.53022293405037
20170911,80310212001,120-0_,2017-09-11T17:55:53.000,2017-09-11T17:57:53.000,1255.9544332742528,-200.7006819168761
20170911,80310212001,121-0_,2017-09-11T17:55:59.000,2017-09-11T17:57:59.000,1177.5435380241224,-128.55690332514152
20170911,80310212001,150-0_150-0,2017-09-11T18:01:53.000,2017-09-11T18:03:53.000,1120.8859225443377,-117.1270736757151
20170911,80310212001,88-0_88-0,2017-09-11T17:49:41.000,2017-09-11T17:51:41.000,1053.2898483730628,-116.38985361945896
20170911,80310212001,89-0_89-0,2017-09-11T17:49:41.000,2017-09-11T17:51:41.000,974.140704119216,-87.75344879857722
20170911,80310213001,119-0_119-1,2017-09-11T19:33:03.000,2017-09-11T19:35:39.000,1137.3547483312018,-113.68572557225338
20170911,80310213001,131-0_,2017-09-11T19:34:39.000,2017-09-11T19:36:39.000,1277.0933595296642,-216.5550279667799
20170911,80310213001,136-0_,2017-09-11T19:35:51.000,2017-09-11T19:37:51.000,1191.4313866137893,-104.34490778595975
20170911,80310213001,147-0_147-0,2017-09-11T19:37:57.000,2017-09-11T19:39:57.000,989.1348193992702,-86.52437911071915
20170911,80310214001,120-0_120-0,2017-09-11T21:09:44.000,2017-09-11T21:11:44.000,1127.2768118715023,-139.61839161450783
20170911,80310214001,215-0_,2017-09-11T21:28:20.000,2017-09-11T21:30:20.000,1123.712662320563,-62.803709096327346
20170911,80310214001,216-0_216-0,2017-09-11T21:29:08.000,2017-09-11T21:31:08.000,984.4645223108844,74.97141725346249
20170911,80310228001,118-0_118-0,2017-09-12T19:42:58.000,2017-09-12T19:52:22.000,984.5874248786898,-232.9029199491271
20170911,80310229001,114-0_117-0,2017-09-12T21:19:26.000,2017-09-12T21:26:38.000,959.023675832914,-240.277288616465
20170911,80310229001,214-0_211-0,2017-09-12T21:38:50.000,2017-09-12T21:41:02.000,935.3034400133332,-72.51341863390215
20170911,80310230001,119-0_118-0,2017-09-12T22:56:31.000,2017-09-12T23:01:07.000,966.152031928212,-256.62346076207143
20170911,80310230001,213-0_217-0,2017-09-12T23:15:19.000,2017-09-12T23:18:43.000,902.7341641262817,-127.20582146503381
20170911,80310230001,230-0_,2017-09-12T23:18:25.000,2017-09-12T23:20:25.000,906.4212542524372,-138.14427909811914
20170911,80310231001,119-0_119-0,2017-09-13T00:33:11.000,2017-09-13T00:38:59.000,971.4368461652149,-268.17638764296214
20170911,80310231001,120-0_120-0,2017-09-13T00:32:41.000,2017-09-13T00:34:41.000,1062.1388021732182,-144.28896547286826
20170911,80310231001,211-0_206-0,2017-09-13T00:51:35.000,2017-09-13T00:56:11.000,886.1422514535859,-121.67517732996107
20170911,80310231001,237-0_240-0,2017-09-13T00:56:05.000,2017-09-13T00:58:05.000,925.7170164098195,-121.42926662110379
20170911,80310231001,240-0_240-0,2017-09-13T00:56:35.000,2017-09-13T00:58:35.000,929.2812000137194,-125.85380393978576
20170911,80310231001,259-0_259-0,2017-09-13T01:00:29.000,2017-09-13T01:02:29.000,931.7392573483447,-124.13314020888507
20170911,80310231001,269-0_269-0,2017-09-13T01:02:23.000,2017-09-13T01:04:23.000,927.0689481868284,-123.76444062682079
20170911,80310232001,100-0_100-0,2017-09-13T02:05:21.000,2017-09-13T02:07:21.000,925.7170164098595,-249.49526265084887
20170911,80310232001,102-0_,2017-09-13T02:05:39.000,2017-09-13T02:07:39.000,888.1087009661921,86.27876354475302
20170911,80310232001,114-0_116-0,2017-09-13T02:08:33.000,2017-09-13T02:10:33.000,915.6389770281731,-252.69082041023435
20170911,80310232001,121-0_,2017-09-13T02:10:03.000,2017-09-13T02:12:03.000,836.9809622166501,124.13338471341979
20170911,80310232001,121-1_,2017-09-13T02:09:39.000,2017-09-13T02:11:39.000,792.8586239925337,29.865783573476218
20170911,80310232001,121-2_122-0,2017-09-13T02:09:45.000,2017-09-13T02:11:45.000,986.7996709815162,-270.38856036344765
20170911,80310232001,122-0_121-1,2017-09-13T02:09:51.000,2017-09-13T02:11:51.000,1060.786878928203,-98.81460153407139
20170911,80310232001,139-0_139-0,2017-09-13T02:13:09.000,2017-09-13T02:15:09.000,836.9809622166501,124.13338471341979
20170911,80310232001,140-0_149-0,2017-09-13T02:13:15.000,2017-09-13T02:15:15.000,983.9729120321875,-271.4947118831207
20170911,80310232001,149-0_149-0,2017-09-13T02:15:03.000,2017-09-13T02:17:03.000,968.9787931899509,-269.7741521120307
20170911,80310232001,149-1_153-0,2017-09-13T02:15:39.000,2017-09-13T02:17:39.000,836.9809622166501,124.13338471341979
20170911,80310232001,154-0_,2017-09-13T02:16:03.000,2017-09-13T02:18:03.000,1026.2513545434606,-267.684427968596
20170911,80310232001,216-0_,2017-09-13T02:28:27.000,2017-09-13T02:30:27.000,1025.8826475634858,-113.56314394317107
20170911,80310232001,217-0_217-0,2017-09-13T02:29:27.000,2017-09-13T02:33:15.000,924.6108903512859,-119.70861226546036
20170911,80310232001,221-0_219-0,2017-09-13T02:29:33.000,2017-09-13T02:31:33.000,1001.6708749769056,30.603075547098836
20170911,80310232001,270-0_270-0,2017-09-13T02:39:15.000,2017-09-13T02:41:15.000,942.0630952558204,-128.68056146580255
20170911,80310232001,61-0_,2017-09-13T01:57:39.000,2017-09-13T01:59:39.000,1285.0819002817364,-465.6786100846055
20170911,80310241001,106-0_,2017-09-13T16:36:43.000,2017-09-13T16:38:43.000,787.3279635827188,165.18357590528709
20170911,80310241001,241-0_,2017-09-13T17:03:31.000,2017-09-13T17:05:31.000,886.1422514536522,173.29492885736306
20170911,80310241001,37-0_,2017-09-13T16:22:55.000,2017-09-13T16:24:55.000,1416.5849992925898,-189.14684753338946
20170911,80310241001,38-0_,2017-09-13T16:23:31.000,2017-09-13T16:25:31.000,1258.5353501119948,-554.6602639576108
20170911,80310241001,39-0_,2017-09-13T16:23:07.000,2017-09-13T16:25:07.000,689.4965462926269,-465.8079503399145
20170911,80310242001,107-0_,2017-09-13T18:13:42.000,2017-09-13T18:15:42.000,787.8195778873254,173.2952640599911
20170911,80310242001,142-0_,2017-09-13T18:21:12.000,2017-09-13T18:23:12.000,836.980962216607,173.29510138064674
20170911,80310242001,157-0_,2017-09-13T18:23:42.000,2017-09-13T18:25:42.000,787.8195778873254,173.2952640599911
20170911,80310242001,25-0_25-0,2017-09-13T17:57:48.000,2017-09-13T18:00:36.000,787.8195778873254,173.2952640599911
20170911,80310242001,53-0_52-0,2017-09-13T18:02:42.000,2017-09-13T18:04:42.000,905.0693212732918,-63.0498448450648
20170911,80310242001,87-0_86-0,2017-09-13T18:09:30.000,2017-09-13T18:11:30.000,838.5787056420517,159.40691316026863
20170911,80310243001,108-0_112-0,2017-09-13T19:50:46.000,2017-09-13T19:52:46.000,836.980962216607,173.29510138064674
20170911,80310243001,119-0_118-0,2017-09-13T19:52:34.000,2017-09-13T19:54:34.000,935.303440013314,173.29474649021023
20170911,80310243001,125-0_,2017-09-13T19:53:40.000,2017-09-13T19:55:40.000,935.303440013314,173.29474649021023
20170911,80310243001,134-0_140-0,2017-09-13T19:55:46.000,2017-09-13T19:57:46.000,883.6841893363916,160.14419262640024
20170911,80310243001,140-0_140-0,2017-09-13T19:57:28.000,2017-09-13T19:59:40.000,836.980962216607,173.29510138064674
20170911,80310243001,156-0_149-0,2017-09-13T20:00:10.000,2017-09-13T20:02:10.000,935.303440013314,173.29474649021023
20170911,80310244001,141-0_141-0,2017-09-13T21:34:21.000,2017-09-13T21:39:09.000,836.980962216607,173.29510138064674
20170911,80310244001,203-0_206-0,2017-09-13T21:47:09.000,2017-09-13T21:49:09.000,886.1422514536522,173.29492885736306
20170911,80310244001,59-0_61-0,2017-09-13T21:18:21.000,2017-09-13T21:22:57.000,836.980962216607,173.29510138064674
20170911,80310244001,62-0_66-0,2017-09-13T21:17:51.000,2017-09-13T21:19:51.000,984.4645223108373,25.809833171120072
20170911,80310244001,72-0_,2017-09-13T21:19:57.000,2017-09-13T21:21:57.000,987.2912811957758,-84.43501585339074
20170911,80310244001,91-0_91-0,2017-09-13T21:23:33.000,2017-09-13T21:25:33.000,847.4277443248156,-231.3058534589204
20170911,80310244001,99-0_,2017-09-13T21:25:09.000,2017-09-13T21:27:09.000,851.8522624985278,-229.70807885808443
20170911,80310245001,213-0_,2017-09-13T23:24:37.000,2017-09-13T23:26:37.000,984.4645223108623,173.29455427932703
20170911,80310245001,225-0_225-0,2017-09-13T23:27:01.000,2017-09-13T23:29:01.000,886.1422514536522,173.29492885736306
20170911,80310246001,123-0_123-0,2017-09-14T00:44:05.000,2017-09-14T00:52:53.000,935.303440013314,173.29474649021023
20170911,80310246001,211-0_207-0,2017-09-14T01:00:53.000,2017-09-14T01:02:53.000,793.227334646084,-226.38992287300292
20170911,80310246001,31-0_32-0,2017-09-14T00:25:05.000,2017-09-14T00:27:05.000,836.980962216607,173.29510138064674
20170911,80310246001,59-0_59-0,2017-09-14T00:31:17.000,2017-09-14T00:34:17.000,836.9809622166501,124.13338471341979
20170911,80310246001,98-0_95-0,2017-09-14T00:39:05.000,2017-09-14T00:43:17.000,836.980962216607,173.29510138064674
20171010,90311211001,44-0_45-0,2017-10-10T01:36:37.000,2017-10-10T01:38:37.000,881.2261269682668,349.78514975885173
20171010,90311212001,117-0_119-0,2017-10-10T03:45:06.000,2017-10-10T03:49:06.000,907.6502841657931,291.40561229245503
20171010,90311212001,159-0_159-0,2017-10-10T03:52:24.000,2017-10-10T03:54:24.000,959.5152866718572,270.63453676486733
20171010,90311213001,105-0_,2017-10-10T05:02:04.000,2017-10-10T05:04:04.000,912.6893061360315,361.95239383146554
20171010,90311213001,161-0_,2017-10-10T05:13:16.000,2017-10-10T05:15:16.000,918.0970358188887,353.84070220687255
20171010,90311213001,168-0_168-0,2017-10-10T05:14:46.000,2017-10-10T05:16:46.000,871.7625845201159,312.9140321150016
20171010,90311213001,231-0_,2017-10-10T05:27:28.000,2017-10-10T05:29:28.000,906.1754482620134,293.12627654604347
20171010,90311213001,237-0_236-0,2017-10-10T05:28:46.000,2017-10-10T05:30:46.000,988.2745015906058,267.0701498936713
20180529,80410201001,127-0_130-0,2018-05-29T16:25:00.000,2018-05-29T16:29:24.000,-223.44187162173057,305.7881521422815
20180529,80410201001,88-0_89-0,2018-05-29T16:16:42.000,2018-05-29T16:18:42.000,-219.87762006599496,307.6317332168142
20180529,80410202001,111-0_111-0,2018-05-29T17:54:30.000,2018-05-29T17:57:06.000,-95.62036945426371,349.4195894281342
20180529,80410202001,138-0_138-0,2018-05-29T17:59:36.000,2018-05-29T18:01:36.000,-86.77118468933713,369.2072984907042
20180529,80410202001,144-0_145-0,2018-05-29T18:00:42.000,2018-05-29T18:02:42.000,-89.47510229177169,367.48662692018894
20180529,80410202001,151-0_,2018-05-29T18:01:42.000,2018-05-29T18:03:42.000,-168.99484318623763,335.408341065923
20180529,80410202001,268-0_266-0,2018-05-29T18:25:06.000,2018-05-29T18:27:06.000,-121.79920553130614,355.31900547315547
20180529,80410202001,271-0_,2018-05-29T18:25:42.000,2018-05-29T18:27:42.000,-123.88859604611753,360.8497272228516
20180529,80410202001,64-0_64-0,2018-05-29T17:44:54.000,2018-05-29T17:46:54.000,-97.21813888902489,347.5760131104043
20180529,80410203001,111-0_111-0,2018-05-29T19:31:09.000,2018-05-29T19:33:45.000,-84.43598309968365,334.1793751986289
20180529,80410203001,129-0_129-0,2018-05-29T19:34:45.000,2018-05-29T19:36:45.000,-88.24604883991469,333.4419424055669
20180529,80410203001,192-0_190-0,2018-05-29T19:46:33.000,2018-05-29T19:48:33.000,-139.74338203529442,330.983795977687
20180529,80410204001,113-0_113-0,2018-05-29T21:08:13.000,2018-05-29T21:10:13.000,-26.055937877367796,355.8106845932218
20180529,80410204001,120-0_,2018-05-29T21:09:07.000,2018-05-29T21:11:07.000,-68.82700352557549,326.92798690967373
20180529,80410204001,64-0_64-0,2018-05-29T20:57:55.000,2018-05-29T20:59:55.000,-99.43043501032207,307.14025193934924
20180529,80410205001,109-0_112-0,2018-05-29T22:44:40.000,2018-05-29T22:49:40.000,-56.29065714656463,313.6542456971317
20180907,80413202001,47-0_,2018-09-07T16:42:13.000,2018-09-07T16:44:13.000,689.4965462925968,-219.9992961385452
20180907,80413202001,53-0_,2018-09-07T16:43:55.000,2018-09-07T16:45:55.000,689.4965462925968,-219.9992961385452
20180907,80414201001,111-0_118-0,2018-09-09T09:11:31.000,2018-09-09T09:13:31.000,331.8442072932278,159.5309293951229
20180907,80414201001,176-0_,2018-09-09T09:24:37.000,2018-09-09T09:26:37.000,333.5648779684309,120.5699946161267
20180907,80414201001,183-0_,2018-09-09T09:25:55.000,2018-09-09T09:27:55.000,314.6374980404039,104.71524271072843
20180907,80414201001,208-0_,2018-09-09T09:30:55.000,2018-09-09T09:32:55.000,342.5369457315198,94.26828070542808
20180907,80414201001,211-0_211-0,2018-09-09T09:31:37.000,2018-09-09T09:33:37.000,291.7771490141676,131.75440475460863
20180907,80414201001,218-0_222-0,2018-09-09T09:33:31.000,2018-09-09T09:35:31.000,296.20173327348755,173.29634942108027
20180907,80414201001,230-0_231-0,2018-09-09T09:35:31.000,2018-09-09T09:37:31.000,296.20173327348755,173.29634942108027
20180907,80414201001,243-0_251-0,2018-09-09T09:39:43.000,2018-09-09T09:41:43.000,345.36376133514466,124.13423268692276
20180907,80414201001,33-0_,2018-09-09T08:56:43.000,2018-09-09T09:01:19.000,278.7492049287208,101.51973306666757
20180907,80414201001,92-0_91-0,2018-09-09T09:08:07.000,2018-09-09T09:10:07.000,290.3022875344706,108.64822765582517
20180907,80414202001,138-0_,2018-09-09T10:53:35.000,2018-09-09T10:55:35.000,338.481079640948,130.27949734130118
20180907,80414202001,151-0_,2018-09-09T10:56:11.000,2018-09-09T10:58:11.000,302.10117852790336,92.3018262068745
20180907,80414202001,244-0_253-0,2018-09-09T11:14:47.000,2018-09-09T11:16:47.000,296.20173327351546,124.13427870014199
20180907,80414202001,255-0_255-0,2018-09-09T11:17:05.000,2018-09-09T11:19:05.000,358.5145974208416,49.899503059060095
20180907,80414203001,177-0_,2018-09-09T12:38:03.000,2018-09-09T12:40:03.000,329.6319163572285,95.37443698114694
20180907,80414203001,198-0_202-0,2018-09-09T12:43:33.000,2018-09-09T12:45:33.000,394.5257501580322,74.97213403621821
20180907,80414203001,247-0_245-0,2018-09-09T12:52:51.000,2018-09-09T12:58:03.000,394.5257501580322,74.97213403621821
20180907,80414203001,32-0_,2018-09-09T12:09:09.000,2018-09-09T12:11:09.000,309.10676912475014,62.31294970975295
20180907,80414203001,40-0_,2018-09-09T12:10:39.000,2018-09-09T12:12:39.000,308.3693385689049,59.24031954381694
20180907,80414203001,47-0_,2018-09-09T12:12:15.000,2018-09-09T12:14:15.000,306.1570468541641,62.19004581738362
20180907,80415201001,210-0_208-0,2018-09-10T14:31:13.000,2018-09-10T14:33:13.000,539.6762394017619,182.75960883097108
20180907,80415201001,218-0_208-0,2018-09-10T14:33:01.000,2018-09-10T14:35:01.000,545.3298472198937,182.51378597152035
20180907,80415201001,225-0_,2018-09-10T14:34:13.000,2018-09-10T14:36:13.000,558.7264363720416,175.7539889055654
20180907,80415201001,230-0_,2018-09-10T14:35:55.000,2018-09-10T14:37:55.000,564.6258502902202,185.70926508118472
20180907,80415201001,243-0_253-0,2018-09-10T14:40:07.000,2018-09-10T14:42:07.000,576.3017709372995,130.40206908901075
20180907,80415201001,264-0_,2018-09-10T14:42:25.000,2018-09-10T14:44:25.000,577.407910597676,83.45241333523649
20180907,80415201001,50-0_52-0,2018-09-10T13:59:25.000,2018-09-10T14:01:25.000,513.8662804938019,156.0893031756356
20180907,80415201001,55-0_55-0,2018-09-10T14:00:43.000,2018-09-10T14:02:43.000,570.771072139186,195.6645380357222
20180907,80415201001,63-0_,2018-09-10T14:02:07.000,2018-09-10T14:04:07.000,570.2794544284446,194.80420580868284
20180907,80415201001,69-0_69-0,2018-09-10T14:03:25.000,2018-09-10T14:05:25.000,571.877211964757,200.70363119730712
20180907,80415202001,241-0_235-0,2018-09-10T16:14:53.000,2018-09-10T16:16:53.000,574.9498224184175,146.2567952134556
20180907,80415202001,55-0_55-0,2018-09-10T15:37:35.000,2018-09-10T15:39:35.000,603.3407307615283,184.7259284487883
20180907,80415202001,68-0_63-0,2018-09-10T15:39:53.000,2018-09-10T15:41:53.000,598.055844760737,190.01084648060964
20180907,80415203001,130-0_126-0,2018-09-10T17:28:33.000,2018-09-10T17:30:33.000,631.7316162432562,175.01638117737565
20180907,80415203001,262-0_262-0,2018-09-10T17:55:03.000,2018-09-10T17:57:03.000,616.2456816064728,61.575312726816954
20180907,80415203001,51-0_54-0,2018-09-10T17:13:27.000,2018-09-10T17:15:27.000,573.3520650142937,143.55289205168413
20180907,80415203001,63-0_64-0,2018-09-10T17:15:27.000,2018-09-10T17:17:27.000,590.1899664704368,157.3181965383053
20180907,80415203001,82-0_,2018-09-10T17:19:15.000,2018-09-10T17:21:15.000,572.8604473375506,150.1897539121717
20190412,80416202001,112-0_110-0,2019-04-12T17:11:59.000,2019-04-12T17:14:23.000,-325.6989545063334,233.88852347781108
20190412,80416202001,125-0_125-0,2019-04-12T17:13:59.000,2019-04-12T17:15:59.000,-287.59837474487995,302.9612197571362
20190412,80416202001,131-0_131-0,2019-04-12T17:15:11.000,2019-04-12T17:17:11.000,-292.5145797427149,303.4528295181734
20190412,80416203001,122-0_,2019-04-12T18:49:51.000,2019-04-12T18:51:51.000,-342.291135673031,123.64261515163354
20190412,80416203001,124-0_124-0,2019-04-12T18:51:03.000,2019-04-12T18:55:51.000,-250.72682723005073,308.7378257553928
20190412,80416204001,125-0_125-0,2019-04-12T20:27:54.000,2019-04-12T20:32:42.000,-232.4139525287137,292.5143940517331
20190412,80416208001,124-0_124-0,2019-04-13T02:53:48.000,2019-04-13T02:55:48.000,-131.38582062249498,273.21841784293474
20190412,80416208001,133-0_140-0,2019-04-13T02:56:06.000,2019-04-13T02:58:06.000,-159.28532526465915,279.8552677667763
20190412,80416208001,144-0_152-0,2019-04-13T02:59:12.000,2019-04-13T03:01:12.000,-131.1400099861885,271.86646163581537
20190412,80416208001,155-0_,2019-04-13T02:59:48.000,2019-04-13T03:01:48.000,-252.8162153731273,296.3244158025424
20190412,80416208001,272-0_272-0,2019-04-13T03:23:06.000,2019-04-13T03:25:06.000,-136.6707492148862,208.32448219365173
20190412,80416208001,61-0_,2019-04-13T02:40:54.000,2019-04-13T02:42:54.000,-187.43063461174643,212.25740798037046
20190412,80416209001,118-0_,2019-04-13T04:29:16.000,2019-04-13T04:31:16.000,-137.65399172409616,272.4809816747094
20190412,80416209001,123-0_119-0,2019-04-13T04:30:46.000,2019-04-13T04:36:10.000,-55.430319633615,306.03413070629364
20190412,80416209001,123-1_,2019-04-13T04:30:04.000,2019-04-13T04:32:04.000,-61.083966110390975,296.20172028493914
20190412,80416209001,151-0_151-0,2019-04-13T04:35:34.000,2019-04-13T04:37:34.000,-217.29661023673543,270.5144097598311
20190412,80416209001,271-0_270-0,2019-04-13T04:59:40.000,2019-04-13T05:01:40.000,-38.34647437415697,252.9391161854238
20190412,80416210001,123-0_123-0,2019-04-13T06:07:24.000,2019-04-13T06:12:00.000,-121.06177357879915,339.7100714877225
20190412,80416210001,147-0_144-0,2019-04-13T06:12:12.000,2019-04-13T06:14:36.000,-130.8941993492681,208.32448597771835
20190412,80416210001,26-0_25-0,2019-04-13T05:47:48.000,2019-04-13T05:49:48.000,-91.44158780152338,262.8944139631333
20190412,80416211001,120-0_120-0,2019-04-13T07:43:27.000,2019-04-13T07:47:27.000,-53.83254996168034,312.54810096938365
20190412,80416211001,140-0_,2019-04-13T07:46:45.000,2019-04-13T07:48:45.000,-58.38004824111067,317.95592243764025
20190412,80416211001,149-0_,2019-04-13T07:48:57.000,2019-04-13T07:50:57.000,-195.4194766501896,271.62058436965344
20190412,80416211001,149-1_149-1,2019-04-13T07:48:33.000,2019-04-13T07:50:33.000,-59.85491253595683,303.6989320795362
20190412,80416211001,25-0_26-0,2019-04-13T07:23:57.000,2019-04-13T07:25:57.000,-172.1903805684633,272.72675762870557
20190412,80416211001,26-0_,2019-04-13T07:24:03.000,2019-04-13T07:26:03.000,-14.25702266526514,218.6485672526539
20190412,80416212001,120-0_,2019-04-13T09:20:06.000,2019-04-13T09:23:18.000,99.55334034970312,222.4586039157903
20190412,80416212001,133-0_119-0,2019-04-13T09:22:42.000,2019-04-13T09:24:54.000,-92.1790198635108,306.2799213667191
20190412,80416212001,141-0_,2019-04-13T09:23:54.000,2019-04-13T09:25:54.000,-43.01687817637685,214.96140613389696
20190412,80416213001,153-0_152-0,2019-04-13T11:03:04.000,2019-04-13T11:05:04.000,-74.35774441878493,212.50329227972327
20190412,80416213001,223-0_221-0,2019-04-13T11:16:58.000,2019-04-13T11:18:58.000,-31.09505786835598,240.40278822154548
20190412,80416213001,37-0_,2019-04-13T10:39:34.000,2019-04-13T10:41:34.000,-6.882700605365244,176.36915999886233
20200129,20513005001,129-0_129-0,2020-01-29T16:31:38.000,2020-01-29T16:34:02.000,598.7932707616625,135.80983973732114
20200129,20513005001,144-0_,2020-01-29T16:34:08.000,2020-01-29T16:36:08.000,609.8546589275518,137.65339005067202
20200129,20513005001,152-0_,2020-01-29T16:35:26.000,2020-01-29T16:37:26.000,612.9272661316968,135.31819331320418
20200129,20513005001,157-0_,2020-01-29T16:37:08.000,2020-01-29T16:39:08.000,622.6367031020918,152.52483897298688
20200129,20513005001,187-0_187-0,2020-01-29T16:43:14.000,2020-01-29T16:45:26.000,632.5919457381543,179.44094811291825
20200129,20513005001,240-0_234-0,2020-01-29T16:53:14.000,2020-01-29T16:55:14.000,660.6140942208942,172.43530674406117
20200129,20513007001,187-0_188-0,2020-01-29T19:55:54.000,2020-01-29T19:57:54.000,648.6923936200404,177.84314392525192
20200129,20513008001,147-0_147-0,2020-01-29T21:21:59.000,2020-01-29T21:25:47.000,670.9380375697754,126.96055744119269
20200129,20513008001,204-0_203-0,2020-01-29T21:33:23.000,2020-01-29T21:38:11.000,682.9826338910091,172.18943662201775
20200129,20513008001,229-0_,2020-01-29T21:37:35.000,2020-01-29T21:39:35.000,700.6808077670496,169.48548642703747
20200129,20514013001,169-0_,2020-01-30T05:29:01.000,2020-01-30T05:31:01.000,-293.74363094056025,-416.6482083397589
20200129,20514013001,59-0_,2020-01-30T05:06:55.000,2020-01-30T05:08:55.000,-157.07302994185284,-943.5376552835783
20200129,20514014001,234-0_235-0,2020-01-30T07:19:22.000,2020-01-30T07:21:46.000,542.0114253385102,-564.132284823098
20200129,20514014001,236-0_,2020-01-30T07:19:04.000,2020-01-30T07:21:04.000,94.26841069262576,-472.9389778814107
20200129,20514014001,237-0_235-1,2020-01-30T07:19:10.000,2020-01-30T07:21:10.000,292.02295925787007,-566.4688492388184
20200129,20514014001,240-0_,2020-01-30T07:19:52.000,2020-01-30T07:21:52.000,236.71563484550953,-632.2228167666925
20200129,20514014001,244-0_,2020-01-30T07:20:46.000,2020-01-30T07:22:46.000,148.71546951102732,-514.972288076926
20200129,20514016001,91-0_,2020-01-30T10:20:02.000,2020-01-30T10:22:02.000,239.78826494592235,-604.5693653783945
20200129,20515018001,117-0_118-0,2020-01-30T13:36:33.000,2020-01-30T13:38:33.000,-227.4977439194572,-405.8327546070964
20200129,20515018001,37-0_,2020-01-30T13:20:39.000,2020-01-30T13:22:39.000,-252.69331018962475,-425.8661754087714
20200221,80512223001,183-0_,2020-02-21T13:55:17.000,2020-02-21T13:57:17.000,-10.569861638691691,-275.18495532199773
20200606,20611001001,43-0_,2020-06-06T19:15:16.000,2020-06-06T19:17:16.000,-56.16775178768876,425.1290501567037
20200606,20611001001,49-0_,2020-06-06T19:16:22.000,2020-06-06T19:18:22.000,-195.4194766501896,222.45852998661954
20200606,20611001001,63-0_,2020-06-06T19:19:22.000,2020-06-06T19:21:22.000,-97.09523354843259,271.6206761797087
20200606,20611003001,25-0_25-0,2020-06-06T20:48:18.000,2020-06-06T20:50:18.000,-561.1845256163178,-363.4294519928962
20200606,20611003001,44-0_,2020-06-06T20:52:06.000,2020-06-06T20:54:06.000,-564.5029458429235,-372.15565674006746
20200606,20611003001,47-0_,2020-06-06T20:52:48.000,2020-06-06T20:54:48.000,-562.6593790863126,-368.2227213537854
20200606,20611003001,85-0_85-0,2020-06-06T21:00:18.000,2020-06-06T21:02:18.000,-532.3019671171096,-476.8703902536041
20200606,20611005001,55-0_57-0,2020-06-07T19:45:15.000,2020-06-07T19:47:15.000,-332.5816375882823,-447.62006570410193
20200606,20611005001,60-0_57-0,2020-06-07T19:46:33.000,2020-06-07T19:48:33.000,-326.68219499148563,-436.92738172218696
20200606,20611006001,144-0_144-0,2020-06-07T21:22:27.000,2020-06-07T21:24:39.000,-322.8721380297429,-432.625730932996
20200606,20611006001,228-0_229-0,2020-06-07T21:38:27.000,2020-06-07T21:40:27.000,-212.13459037460325,-412.59255187873276
20200606,20611006001,83-0_,2020-06-07T21:10:15.000,2020-06-07T21:14:03.000,-333.9335931070309,-474.6590713029488
20200606,20611007001,81-0_80-0,2020-06-08T19:41:59.000,2020-06-08T19:43:59.000,572.6146384968002,568.1878896315401
20200606,20611009001,40-0_31-0,2020-06-08T21:10:30.000,2020-06-08T21:12:30.000,-198.12339228526525,-387.2741808380905
20200606,20611009001,75-0_75-0,2020-06-08T21:18:00.000,2020-06-08T21:20:00.000,-202.9166971070481,-390.592603620514
20200606,20611009001,83-0_83-0,2020-06-08T21:19:36.000,2020-06-08T21:21:36.000,-146.99479524317667,-494.447222820181
20200606,20611010001,146-0_145-0,2020-06-09T15:15:24.000,2020-06-09T15:17:48.000,3.687161039607389,-471.4641705115904
20200606,20611010001,33-0_46-0,2020-06-09T14:52:06.000,2020-06-09T14:54:06.000,-46.58113368016075,-394.8944548420727
20200606,20611010001,62-0_70-0,2020-06-09T14:57:48.000,2020-06-09T14:59:48.000,-48.178903379721305,-404.1123219065662
20200606,20611010001,69-0_70-0,2020-06-09T15:00:00.000,2020-06-09T15:02:48.000,-57.88842680806283,-402.63745829818924
20200606,20611010001,75-0_,2020-06-09T15:00:30.000,2020-06-09T15:02:30.000,-49.16214626914552,-378.17938283154655
20200606,20611010001,83-0_,2020-06-09T15:02:12.000,2020-06-09T15:04:12.000,-14.99445486967943,-514.7266113611189
20210108,20612001001,113-0_,2021-01-08T10:34:38.000,2021-01-08T10:36:38.000,880.2429019508678,-173.66366256557043
20210108,20612001001,188-0_,2021-01-08T10:49:44.000,2021-01-08T10:51:44.000,940.7111643687356,-463.96215646793564
20210108,20612003001,177-0_,2021-01-08T14:00:57.000,2021-01-08T14:02:57.000,-441.2295981072821,222.45812085000313
20210108,20612003001,261-0_262-0,2021-01-08T14:18:09.000,2021-01-08T14:20:09.000,-490.39149434911087,419.10554362644774
20210108,20613001001,207-0_,2021-01-14T10:15:15.000,2021-01-14T10:17:15.000,-314.88330820398005,-310.8270781999811
20210108,20613001001,216-0_223-0,2021-01-14T10:16:45.000,2021-01-14T10:18:45.000,-315.98945392911446,-299.39691485296026
20210108,20613001001,223-0_223-0,2021-01-14T10:18:15.000,2021-01-14T10:20:15.000,-311.93358618209004,-322.25724418493587
20210108,20613001001,224-0_,2021-01-14T10:18:21.000,2021-01-14T10:20:21.000,-310.8274403908581,-325.08406008737256
20210108,20613001001,241-0_,2021-01-14T10:21:45.000,2021-01-14T10:23:45.000,-300.2576019384833,-281.9444398688181
20210108,20614001001,220-0_,2021-01-20T11:15:17.000,2021-01-20T11:17:17.000,1131.947075781031,-416.64235690843327
20210108,20614001001,258-0_,2021-01-20T11:22:53.000,2021-01-20T11:24:53.000,1128.2600254223762,-125.36158446325561
20210108,20614002001,146-0_,2021-01-20T12:37:20.000,2021-01-20T12:39:20.000,-936.2866627191806,-242.61258503902616
20210108,20614002001,162-0_162-0,2021-01-20T12:41:08.000,2021-01-20T12:43:08.000,-916.8680064561158,-213.23863081132075
20210108,20614002001,205-0_203-0,2021-01-20T12:49:50.000,2021-01-20T12:51:50.000,-941.5714840334431,-231.0595877568671
20210108,20614003001,188-0_200-0,2021-01-20T14:22:29.000,2021-01-20T14:24:29.000,-751.440095547332,-337.98721658855084
20210108,20614003001,201-0_,2021-01-20T14:25:05.000,2021-01-20T14:27:05.000,-747.2613681882876,-357.28320278637733
20210108,20614003001,210-0_210-0,2021-01-20T14:27:17.000,2021-01-20T14:29:17.000,-855.0477473587989,-248.1436861824737
20210108,20614003001,255-0_255-0,2021-01-20T14:35:47.000,2021-01-20T14:37:47.000,-841.0367722538695,-239.294654905485
20210108,20614003001,270-0_270-0,2021-01-20T14:38:53.000,2021-01-20T14:40:53.000,-827.5174029514574,-238.06567620056856
20210429,20615001001,221-0_,2021-04-29T15:37:17.000,2021-04-29T15:39:17.000,714.3231431019078,-354.0878940256363
20210429,20615001001,236-0_234-0,2021-04-29T15:40:35.000,2021-04-29T15:42:35.000,723.1722221470719,-336.881243609436
20210429,20615001001,264-0_259-0,2021-04-29T15:46:05.000,2021-04-29T15:48:05.000,795.3166949203013,-365.39456062100055
20210429,20615001001,42-0_,2021-04-29T15:02:11.000,2021-04-29T15:08:23.000,742.468121344946,-327.41750415886787
20210429,20615002001,106-0_113-0,2021-04-29T16:50:49.000,2021-04-29T16:52:49.000,722.1889912729478,-366.1324625258037
20210429,20615002001,106-1_,2021-04-29T16:51:01.000,2021-04-29T16:53:01.000,681.5077856105326,-356.5461712824438
20210429,20615002001,109-0_,2021-04-29T16:51:43.000,2021-04-29T16:53:43.000,686.1781382590594,-333.1943191188145
20210429,20615002001,251-0_250-0,2021-04-29T17:20:37.000,2021-04-29T17:25:37.000,821.003522469417,-338.97001460872946
20210429,20615002001,53-0_53-0,2021-04-29T16:41:01.000,2021-04-29T16:45:01.000,753.8981701764887,-253.55195285750688
20210429,20615002001,81-0_81-0,2021-04-29T16:45:49.000,2021-04-29T16:47:49.000,755.00430368979,-256.0100350264349
20210429,20615002001,94-0_95-0,2021-04-29T16:49:25.000,2021-04-29T16:51:37.000,754.5126888003665,-249.86481921486782
20210429,20615003001,100-0_,2021-04-29T18:26:39.000,2021-04-29T18:28:39.000,785.6073134461916,-239.90943002321873
20210429,20615003001,106-0_106-0,2021-04-29T18:28:15.000,2021-04-29T18:32:27.000,757.4623780082345,-343.7636780628839
20210429,20615003001,53-0_,2021-04-29T18:17:39.000,2021-04-29T18:19:51.000,710.7589299640324,-250.11081639124927
20210429,20615003001,66-0_,2021-04-29T18:19:39.000,2021-04-29T18:21:39.000,717.1499325287595,-259.20571796254444
20210429,20615004001,106-0_105-0,2021-04-29T20:04:47.000,2021-04-29T20:06:47.000,715.4292781270209,-390.46753893714435
20210429,20615004001,41-0_37-0,2021-04-29T19:51:53.000,2021-04-29T19:59:41.000,713.094104136952,-314.26690471558175
20210429,20615005001,209-0_212-0,2021-04-29T22:01:25.000,2021-04-29T22:03:25.000,792.1212026702125,-338.7243919506646
20210429,20615005001,215-0_215-0,2021-04-29T22:03:13.000,2021-04-29T22:05:13.000,660.1224777879199,-313.77555555996327
20210429,20615005001,229-0_229-0,2021-04-29T22:05:19.000,2021-04-29T22:07:19.000,661.9660393726626,-312.1777886949155
20210429,20615005001,49-0_,2021-04-29T21:30:07.000,2021-04-29T21:32:43.000,728.9487028675974,-320.9036529668346
20210429,20615005001,77-0_78-0,2021-04-29T21:35:31.000,2021-04-29T21:37:31.000,722.926414431599,-280.7139630555264
20210429,20615005001,90-0_89-0,2021-04-29T21:38:19.000,2021-04-29T21:41:31.000,719.7309139440143,-271.12743507769903
20210429,20616001001,235-0_,2021-05-03T16:18:20.000,2021-05-03T16:20:20.000,935.303440013386,369.94095770564587
20210429,20616001001,25-0_25-0,2021-05-03T15:36:50.000,2021-05-03T15:40:26.000,886.1422514535725,369.94134701321
20210429,20616001001,270-0_,2021-05-03T16:25:02.000,2021-05-03T16:27:02.000,984.4645223108274,664.9081644318019
20210429,20616001001,41-0_,2021-05-03T15:39:14.000,2021-05-03T15:41:14.000,886.1422514535654,664.9096016286039
20210429,20616001001,63-0_,2021-05-03T15:43:56.000,2021-05-03T15:45:56.000,866.9693603189079,664.0495432318619
20210429,20616002001,102-0_,2021-05-03T17:28:10.000,2021-05-03T17:30:10.000,871.2709718246866,653.7256314185045
20210429,20616002001,112-0_,2021-05-03T17:30:04.000,2021-05-03T17:32:04.000,886.1422514535568,419.1028604395576
20210429,20616002001,119-0_123-0,2021-05-03T17:32:22.000,2021-05-03T17:34:22.000,836.9809622165659,369.94171530668604
20210429,20616002001,25-0_,2021-05-03T17:12:46.000,2021-05-03T17:14:46.000,886.1422514535654,664.9096016286039
20210429,20616002001,259-0_257-0,2021-05-03T18:00:16.000,2021-05-03T18:03:52.000,886.1422514535568,419.1028604395576
20210429,20616002001,44-0_,2021-05-03T17:16:28.000,2021-05-03T17:18:28.000,886.1422514535654,664.9096016286039
20210429,20616002001,59-0_,2021-05-03T17:19:52.000,2021-05-03T17:21:52.000,886.1422514535654,664.9096016286039
20210429,20616003001,111-0_,2021-05-03T19:06:38.000,2021-05-03T19:08:38.000,-939.1134277616629,-268.17658227699076
20210429,20616003001,40-0_,2021-05-03T18:52:32.000,2021-05-03T18:54:32.000,-608.0110944750913,25.318395683942747
20210429,20616004001,190-0_,2021-05-03T20:59:04.000,2021-05-03T21:01:04.000,-490.3914943493437,25.81005420030651
20210429,20616004001,262-0_262-0,2021-05-03T21:14:10.000,2021-05-03T21:16:10.000,-957.05723236822,-322.37704749362814
20210429,20616005001,129-0_129-0,2021-05-03T22:23:36.000,2021-05-03T22:25:36.000,-977.4590747869297,-339.0917973444971
20210429,20616005001,260-0_260-0,2021-05-03T22:49:54.000,2021-05-03T22:51:54.000,-896.7119156807485,-360.23186318701715
20210429,20616005001,267-0_267-0,2021-05-03T22:51:30.000,2021-05-03T22:53:30.000,-918.2199387515084,-347.5726077303343
20210429,20616005001,268-0_,2021-05-03T22:51:30.000,2021-05-03T22:53:30.000,-498.3802973732736,33.06144720064021
20210429,20617002001,103-0_,2021-05-07T16:31:25.000,2021-05-07T16:33:25.000,394.52575015808236,-564.1332005680355
20210429,20617002001,104-0_,2021-05-07T16:31:31.000,2021-05-07T16:33:31.000,563.8884236007739,-427.58556495096997
20210429,20617002001,105-0_,2021-05-07T16:31:31.000,2021-05-07T16:33:31.000,738.658104050969,-170.8373270077382
20210429,20617002001,251-0_,2021-05-07T17:00:43.000,2021-05-07T17:02:43.000,719.362202327016,-266.4570691190427
20210429,20617005001,174-0_,2021-05-07T21:34:00.000,2021-05-07T21:36:00.000,-974.1407041191451,277.88576983808304
20210429,20617005001,180-0_,2021-05-07T21:35:06.000,2021-05-07T21:37:06.000,-972.7887751840854,267.8076679779301
20210429,20617005001,244-0_,2021-05-07T21:48:00.000,2021-05-07T21:50:00.000,-932.8453830627259,74.97150445453471
20210429,20617005001,46-0_,2021-05-07T21:08:36.000,2021-05-07T21:10:36.000,-1055.624989337207,242.85771444063988
20210429,20617006001,105-0_106-0,2021-05-07T22:57:44.000,2021-05-07T23:02:44.000,-989.8722346363684,261.6623749385579
20210720,80710201001,101-0_105-0,2021-07-20T00:43:48.000,2021-07-20T00:45:48.000,-1058.9433470836411,-136.79185180140934
20210720,80710201001,105-0_105-1,2021-07-20T00:44:24.000,2021-07-20T00:46:24.000,-890.6896657063726,-369.941311884252
20210720,80710201001,114-0_112-0,2021-07-20T00:46:36.000,2021-07-20T00:48:36.000,-917.6054240816256,-397.71734236054294
20210720,80710201001,117-0_117-0,2021-07-20T00:46:54.000,2021-07-20T00:48:54.000,-1089.5459535748614,-133.7191560893646
20210720,80710201001,220-0_228-0,2021-07-20T01:09:36.000,2021-07-20T01:11:36.000,-1147.1868762299437,-176.48933569387103
20210720,80710201001,232-0_,2021-07-20T01:09:42.000,2021-07-20T01:11:42.000,-961.1130218230301,-472.44227953522443
20210720,80710201001,234-0_234-0,2021-07-20T01:10:12.000,2021-07-20T01:12:12.000,-943.9066372442085,-515.5815463801365
20210720,80710201001,68-0_67-0,2021-07-20T00:37:00.000,2021-07-20T00:39:00.000,-1080.697011989696,-217.78524192219834
20210720,80710201001,78-0_,2021-07-20T00:39:42.000,2021-07-20T00:42:54.000,-932.8453830627259,-170.83667533139882
20210720,80710205001,107-0_,2021-07-20T07:11:19.000,2021-07-20T07:13:19.000,-1009.6595339904752,-214.4672204523577
20210720,80710205001,122-0_118-0,2021-07-20T07:14:25.000,2021-07-20T07:16:25.000,-958.9007731214906,-462.241320178336
20210720,80710205001,78-0_,2021-07-20T07:06:13.000,2021-07-20T07:09:49.000,-883.6841893363744,-465.8062779916472
20210720,80710206001,218-0_219-0,2021-07-20T09:10:32.000,2021-07-20T09:12:32.000,-894.8683699321009,-464.5771332374608
20210720,80710207001,114-0_115-0,2021-07-20T10:26:16.000,2021-07-20T10:28:16.000,-920.6779972685581,-458.1858939055766
20210720,80710207001,120-0_120-0,2021-07-20T10:27:28.000,2021-07-20T10:29:28.000,-968.6100852198706,-486.2073743082492
20210720,80710207001,260-0_262-1,2021-07-20T10:55:10.000,2021-07-20T10:57:10.000,-906.2983512573965,-490.87837457240073
20210720,80710207001,262-0_262-0,2021-07-20T10:55:28.000,2021-07-20T10:57:28.000,-973.2803857155432,-270.88025972122006
20210720,80710207001,267-0_262-0,2021-07-20T10:57:16.000,2021-07-20T10:59:28.000,-983.1125940175752,-275.7963487302708
20210720,80710207001,267-1_,2021-07-20T10:56:34.000,2021-07-20T10:58:34.000,-887.7399916948207,-494.6885760190167
20210720,80710207001,85-0_86-0,2021-07-20T10:20:22.000,2021-07-20T10:22:22.000,-918.8344534052248,-465.5601241031791
20210720,80710208001,232-0_231-0,2021-07-20T12:26:24.000,2021-07-20T12:28:24.000,-990.8554549132759,-288.57828605153037
20210720,80710208001,233-0_233-0,2021-07-20T12:26:24.000,2021-07-20T12:28:24.000,-873.729035202382,-521.3587832539963
20210720,80710208001,244-0_244-1,2021-07-20T12:28:36.000,2021-07-20T12:30:36.000,-873.8519383646917,-524.1855618754972
20210720,80710208001,245-0_244-0,2021-07-20T12:28:42.000,2021-07-20T12:30:42.000,-983.2354965931927,-303.449686998123
20210720,80710208001,250-0_,2021-07-20T12:29:42.000,2021-07-20T12:31:42.000,-875.9412920300292,-533.7720085617169
20210720,80710208001,264-0_,2021-07-20T12:33:00.000,2021-07-20T12:35:00.000,-834.5228952122852,74.97165756291722
20210720,80710208001,275-0_267-0,2021-07-20T12:34:48.000,2021-07-20T12:36:48.000,-997.2463856131526,-296.0753677246765
20210720,80710208001,276-0_275-0,2021-07-20T12:34:54.000,2021-07-20T12:36:54.000,-840.6680622772456,-556.2637268786913
20210720,80710209001,243-0_240-0,2021-07-20T14:05:20.000,2021-07-20T14:07:20.000,-1016.296263791719,-248.26570989794078
20210720,80710209001,257-0_248-0,2021-07-20T14:08:08.000,2021-07-20T14:10:08.000,-1003.2686070207092,-248.0199791904927
20210720,80710209001,270-0_,2021-07-20T14:10:44.000,2021-07-20T14:12:44.000,-992.4531877670461,-249.6177910693218
20210720,80710209001,72-0_72-0,2021-07-20T13:30:44.000,2021-07-20T13:32:44.000,-1031.0445446845279,-278.3770116383235
20210720,80710209001,77-0_72-0,2021-07-20T13:31:44.000,2021-07-20T13:33:44.000,-1035.5919291736882,-272.3547044982036
20210730,90710201001,266-0_,2021-07-30T18:57:32.000,2021-07-30T18:59:32.000,682.491017805255,-640.5772119793016
20210730,90710201001,267-0_267-0,2021-07-30T18:57:44.000,2021-07-30T18:59:44.000,674.9938715399336,-403.6185521612547
20210730,90710201001,271-0_271-0,2021-07-30T18:58:44.000,2021-07-30T19:00:44.000,684.8261941434332,-322.747454091145
20210730,90710201001,56-0_,2021-07-30T18:15:44.000,2021-07-30T18:17:44.000,484.98368838873586,-451.18363915127816
20210730,90710202001,219-0_,2021-07-30T20:25:09.000,2021-07-30T20:27:09.000,824.1990112131634,353.71847849354566
20210730,90710202001,228-0_,2021-07-30T20:27:03.000,2021-07-30T20:29:03.000,831.5732144939611,315.863981865797
20210730,90710203001,219-0_,2021-07-30T22:01:24.000,2021-07-30T22:03:24.000,604.6926782161365,-309.96577276454406
20210730,90710203001,230-0_,2021-07-30T22:03:36.000,2021-07-30T22:05:36.000,755.8646297257204,-736.3179879860985
20211117,20618001001,145-0_,2021-11-17T17:57:09.000,2021-11-17T17:59:09.000,734.4793748264849,507.2262155422918
20211117,20618001001,156-0_169-0,2021-11-17T17:59:09.000,2021-11-17T18:01:09.000,808.5902740091642,458.67855289044485
20211117,20618001001,162-0_,2021-11-17T18:00:15.000,2021-11-17T18:02:15.000,835.1374119855047,428.5668886646457
20211117,20618001001,169-0_169-0,2021-11-17T18:01:39.000,2021-11-17T18:03:39.000,784.378277567399,496.04152229370874
20211117,20618001001,172-0_172-0,2021-11-17T18:02:33.000,2021-11-17T18:04:33.000,833.1709582586268,481.29262114208433
20211117,20618002001,149-0_,2021-11-17T19:34:41.000,2021-11-17T19:36:41.000,-785.3615062749013,369.94207939817784
20211117,20619001001,199-0_199-0,2021-11-19T23:16:32.000,2021-11-19T23:18:32.000,-182.63732911732404,-487.81030490687607
20211117,20619001001,199-1_199-1,2021-11-19T23:16:26.000,2021-11-19T23:18:26.000,-454.99493434845135,290.7932005457653
20211117,20619001001,246-0_245-0,2021-11-19T23:25:44.000,2021-11-19T23:27:44.000,-442.3357413450731,297.7988149712528
20211117,20619002001,227-0_,2021-11-20T00:58:39.000,2021-11-20T01:00:39.000,-431.27430783420095,252.07823325580446
20211117,20619002001,266-0_,2021-11-20T01:06:27.000,2021-11-20T01:08:27.000,-422.9167786438438,255.39668734362056
20211117,20619003001,194-0_194-0,2021-11-20T02:29:22.000,2021-11-20T02:31:34.000,-125.73217589106207,-313.7771041655085
20211117,20619003001,224-0_224-0,2021-11-20T02:34:40.000,2021-11-20T02:36:40.000,-413.8218188305018,249.37436829052518
20211117,20619003001,260-0_259-0,2021-11-20T02:42:10.000,2021-11-20T02:44:10.000,-84.80469914152309,-319.0620538804076
20211117,20619003001,271-0_271-0,2021-11-20T02:44:04.000,2021-11-20T02:46:04.000,-387.27435949044775,251.21800517375922
20211117,20620001001,141-0_141-0,2021-11-21T23:24:10.000,2021-11-21T23:27:34.000,-29.74309884991726,223.56477452117355
20211117,20620001001,211-0_,2021-11-21T23:38:10.000,2021-11-21T23:41:22.000,99.55334034972212,74.97226244601106
20211117,20620002001,141-0_141-0,2021-11-22T01:00:48.000,2021-11-22T01:04:12.000,-11.184388477067841,241.75474779903305
20211117,20620002001,158-0_158-0,2021-11-22T01:03:24.000,2021-11-22T01:05:24.000,71.40801595520567,112.21258318943241
20211117,20620002001,213-0_216-0,2021-11-22T01:15:42.000,2021-11-22T01:17:42.000,148.71546951103974,222.45857200619773
20211117,20620002001,239-0_239-0,2021-11-22T01:19:36.000,2021-11-22T01:21:36.000,141.9556776276327,154.12326628832966
20211117,20620003001,140-0_140-0,2021-11-22T02:37:13.000,2021-11-22T02:40:49.000,23.84364128579687,230.324562362843
20211117,20620003001,158-0_158-0,2021-11-22T02:40:31.000,2021-11-22T02:42:31.000,87.38571141982864,130.52547167960608
20211117,20620003001,214-0_217-0,2021-11-22T02:51:55.000,2021-11-22T02:53:55.000,121.4304895554897,133.106472001131
20220224,20621002001,111-0_112-0,2022-02-24T16:56:27.000,2022-02-24T16:58:27.000,-714.5689508887472,384.81395154932164
20220224,20622001001,253-0_,2022-02-25T15:56:59.000,2022-02-25T15:58:59.000,-455.8552677302032,410.62528921479435
20220224,20622002001,246-0_246-0,2022-02-25T17:32:17.000,2022-02-25T17:34:17.000,-410.7491969065677,346.3463147885514
20220224,20622002001,252-0_,2022-02-25T17:33:23.000,2022-02-25T17:35:23.000,-445.65417090514075,365.6422333599806
20220224,20622002001,253-0_,2022-02-25T17:33:35.000,2022-02-25T17:35:35.000,-241.50893775583882,525.6647605729906
20220224,20622002001,42-0_,2022-02-25T16:51:29.000,2022-02-25T16:53:29.000,-749.5965394352879,476.7459252861073
20220224,20623002001,217-0_,2022-02-26T22:25:12.000,2022-02-26T22:27:12.000,-24.70397884992508,431.8888288861534
20220224,20623002001,221-0_,2022-02-26T22:25:54.000,2022-02-26T22:27:54.000,16.592224644213946,430.65978228357704
20220224,20623002001,226-0_231-0,2022-02-26T22:26:54.000,2022-02-26T22:28:54.000,-4.301687879274141,431.2743077403345
20220224,20623002001,231-0_231-0,2022-02-26T22:28:00.000,2022-02-26T22:30:00.000,-28.268234462984765,432.8720665420628
20220224,20623003001,129-0_140-0,2022-02-26T23:44:13.000,2022-02-26T23:46:13.000,-514.112089703417,460.52421816916564
20220224,20623003001,140-0_140-0,2022-02-26T23:46:49.000,2022-02-26T23:48:49.000,-490.39149434911087,468.2673241772599
20220224,20623003001,175-0_174-0,2022-02-26T23:54:07.000,2022-02-26T23:57:31.000,-490.39149434911087,468.2673241772599
20220224,20623003001,253-0_253-0,2022-02-27T00:09:01.000,2022-02-27T00:11:01.000,-490.39149434911087,468.2673241772599
20220224,20623003001,264-0_250-0,2022-02-27T00:11:07.000,2022-02-27T00:13:07.000,24.82688421610508,446.3915964314268
20220224,20623004001,189-0_,2022-02-27T01:32:46.000,2022-02-27T01:34:46.000,702.7701748404655,-614.1527442427015
20220224,20623004001,265-0_,2022-02-27T01:48:04.000,2022-02-27T01:50:04.000,787.3279635827373,-734.9656358299396
20220224,20623004001,269-0_,2022-02-27T01:48:46.000,2022-02-27T01:50:46.000,897.695140021421,-513.0010898022206
20220603,20624001001,25-0_25-0,2022-06-03T13:34:32.000,2022-06-03T13:36:32.000,-1033.9941996028983,-514.351436142404
20220603,20624001001,26-0_26-0,2022-06-03T13:34:44.000,2022-06-03T13:36:44.000,-773.8085667197765,-626.8110364201547
20220603,20624002001,28-0_28-0,2022-06-03T15:11:24.000,2022-06-03T15:13:24.000,841.6512888695473,317.0929598236169
20220603,20624004001,108-0_109-0,2022-06-03T18:57:35.000,2022-06-03T18:59:35.000,857.9974253272244,232.65775009962752
20220603,20624004001,115-0_,2022-06-03T18:58:47.000,2022-06-03T19:00:47.000,886.2651545528167,-172.55750353118637
20220603,20624004001,154-0_154-0,2022-06-03T19:06:41.000,2022-06-03T19:08:41.000,933.3369944739571,230.9367257253138
20220603,20624004001,169-0_,2022-06-03T19:09:35.000,2022-06-03T19:11:35.000,502.80486456005235,-262.27913469170704
20220603,20624004001,169-1_164-0,2022-06-03T19:09:47.000,2022-06-03T19:11:47.000,946.610498554093,252.0761296796748
20220603,20624004001,176-0_164-0,2022-06-03T19:11:05.000,2022-06-03T19:13:05.000,945.8730818654204,240.76897498879882
20220603,20624004001,182-0_182-0,2022-06-03T19:12:53.000,2022-06-03T19:14:53.000,926.8231424150712,210.04308087072815
20220603,20624006001,192-0_191-0,2022-06-03T22:10:38.000,2022-06-03T22:12:38.000,355.1961624176175,-304.43592408161635
20220603,20624006001,194-0_,2022-06-03T22:10:56.000,2022-06-03T22:12:56.000,914.901559340137,230.19939416847873
20220603,20624006001,266-0_265-0,2022-06-03T22:26:02.000,2022-06-03T22:28:02.000,947.9624290870678,190.00963848494388
20220603,20624006001,271-0_,2022-06-03T22:26:20.000,2022-06-03T22:28:20.000,499.2406299178672,-296.81538942998037
20220603,20624006001,274-0_,2022-06-03T22:27:02.000,2022-06-03T22:29:02.000,1031.5361538668826,131.0154662840312
20220603,20624008001,171-0_173-0,2022-06-04T01:20:24.000,2022-06-04T01:22:24.000,907.5273811773748,246.0540483974313
20220603,20624008001,194-0_194-0,2022-06-04T01:24:00.000,2022-06-04T01:26:00.000,920.9238031057497,244.5791299364027
20220603,20624008001,205-0_204-0,2022-06-04T01:27:00.000,2022-06-04T01:29:12.000,933.8286058747743,240.89194299156097
20220603,20624008001,274-0_266-0,2022-06-04T01:40:12.000,2022-06-04T01:42:12.000,948.0853318587789,233.0260169582658
20220906,90810201001,201-0_201-0,2022-09-06T16:24:13.000,2022-09-06T16:28:25.000,1033.6254927611485,-269.15922358303044
20220906,90810201001,203-0_,2022-09-06T16:24:19.000,2022-09-06T16:26:19.000,968.7329878772516,-351.9967501139007
20220906,90810201001,240-0_,2022-09-06T16:31:13.000,2022-09-06T16:33:13.000,933.0911887696697,-450.5657521295829
20220906,90810202001,162-0_,2022-09-06T17:52:10.000,2022-09-06T17:54:10.000,831.4503111233403,-461.25932971698575
20220906,90810202001,200-0_199-0,2022-09-06T18:00:34.000,2022-09-06T18:02:58.000,939.2363305815967,-427.4598262670662
20220906,90810202001,221-0_221-0,2022-09-06T18:03:58.000,2022-09-06T18:05:58.000,926.5773366407311,-455.973571786335
20220906,90810203001,165-0_155-0,2022-09-06T19:29:20.000,2022-09-06T19:31:20.000,878.276451796056,-434.83460587033085
20220906,90810203001,201-0_203-0,2022-09-06T19:37:20.000,2022-09-06T19:39:20.000,924.7337932492966,-448.72228111359055
20220906,90810203001,241-0_242-0,2022-09-06T19:44:50.000,2022-09-06T19:46:50.000,925.2254048348309,-482.1520298010845
20220906,90810204001,158-0_,2022-09-06T21:05:17.000,2022-09-06T21:08:41.000,883.8070924481897,-386.90209297027326
20220906,90810204001,200-0_202-0,2022-09-06T21:13:59.000,2022-09-06T21:15:59.000,922.890249710148,-433.7280628873633